{
  "project_info": {
    "project_number": "880926217609",
    "project_id": "pawconnect-16a01",
    "storage_bucket": "pawconnect-16a01.firebasestorage.app"
  },
  "client": [
    {
      "client_info": {
        "mobilesdk_app_id": "1:880926217609:android:44d53d2f721ab6799dbd58",
        "android_client_info": {
          "package_name": "com.arishay.pawconnect"
        }
      },
      "oauth_client": [],
      "api_key": [
        {
          "current_key": "AIzaSyAgEDDuolz5D9qDE4lroHe5eDbtx1ZJuqU"
        }
      ],
      "services": {
        "appinvite_service": {
          "other_platform_oauth_client": []
        }
      }
    }
  ],
  "configuration_version": "1"
}